no_of_files,time_taken_sec
100,0.4423351287841797
200,0.9718179702758789
300,1.485727071762085
400,2.0375559329986572
500,2.4323062896728516
